{"mass": 10000, "radius": 20, "color": "yellow", "posX": 36.82721688486709, "posY": 179.7019599279288, "velX": 9.600701305764378, "velY": 1.2550218231444705}
{"mass": 10000, "radius": 20, "color": "red", "posX": 74.69283268712383, "posY": 140.2980400720712, "velX": 4.399298694235621, "velY": -1.2550218231444705}
