{"mass": 10000, "radius": 40, "color": "yellow", "posX": 700.0004025256251, "posY": 169.99880027293833, "velX": 0.0003022449716259604, "velY": -0.0005752390168968701}
{"mass": 1, "radius": 10, "color": "blue", "posX": 718.4431845546749, "posY": 114.84426320895645, "velX": 4.599546165844183, "velY": 2.5111966041885703}
{"mass": 1, "radius": 10, "color": "green", "posX": 677.3859607211103, "posY": 297.7626135790598, "velX": -5.8994803034351335, "velY": -1.1612775321039972}
{"mass": 1, "radius": 18, "color": "orange", "posX": 711.3507359178122, "posY": 398.7315231304671, "velX": 2.9838627764160393, "velY": -0.6601375907236356}
{"mass": 1, "radius": 4, "color": "pink", "posX": 721.7718095055416, "posY": 155.65887069868086, "velX": 3.993621644915311, "velY": 5.062608687607763}
