{"mass": 10000, "radius": 30, "color": "blue", "posX": 226.23752493526436, "posY": 298.977354902263, "velX": 2.8755566808660635, "velY": -0.18448811607558172}
{"mass": 1, "radius": 20, "color": "green", "posX": 848.4797299798258, "posY": 200.61015535117144, "velX": 2.6848586328798913, "velY": 0.11309664230996834}
{"mass": 10000, "radius": 20, "color": "yellow", "posX": 713.0880902484167, "posY": 201.02669494431197, "velX": 5.449336167680383, "velY": 0.18515091116542925}
{"mass": 1, "radius": 10, "color": "grey", "posX": 264.66132538198553, "posY": 306.17350146170287, "velX": 2.9051535358878477, "velY": -7.149066298105879}
{"mass": 1, "radius": 20, "color": "violet", "posX": 434.5678388873885, "posY": 252.71787744057502, "velX": 8.453502366776158, "velY": 0.4080187573198154}
